poi_type,carbon_emission
其他,905.5518171223064
其他,532.5051227126514
其他,860.6424422958647
其他,79.1684417038764
其他,1274.349980898275
其他,50.0
其他,1488.1743696731603
其他,84.03289841186427
其他,471.97859327649894
其他,288.28840335205643
其他,925.8954991610852
其他,1141.811167768952
其他,737.8366467888037
其他,1190.5191126536952
其他,50.0
其他,614.4260147898381
其他,277.6554954317684
其他,147.7355626184558
其他,527.0076653498165
其他,433.35453314811576
其他,1038.7663730228985
其他,701.1104289558518
其他,197.76867230589858
其他,703.6608169647784
其他,1026.8555823770034
其他,1488.0971480203698
其他,50.0
其他,73.97518818151752
其他,1019.8345235127781
其他,754.5962830650536
其他,650.7716922632533
其他,1742.4911939926196
其他,655.4149528757696
其他,1047.7076104658227
其他,151.901575562557
其他,50.0
其他,50.0
其他,1217.5843248583863
其他,771.7359347853273
其他,564.6670411659848
其他,84.39090256408451
其他,531.2654715389891
其他,1899.875735278193
其他,965.4228502978582
其他,1695.973897862148
其他,1335.3010256566558
其他,978.7670135716855
其他,50.0
其他,947.7634909473181
其他,1487.337300907354
其他,50.0
其他,158.24398316967927
其他,815.3719246400746
其他,644.2115345168077
其他,50.0
其他,1662.12279860347
其他,1431.7987553841085
其他,1131.087020096867
其他,790.5304356281856
其他,615.1148849380397
其他,50.0
其他,1020.4065795377152
其他,733.9442455887644
其他,1158.7814156025627
其他,774.2319826654896
其他,314.5648219445892
其他,539.2266401793594
其他,50.0
其他,1207.3258538134367
其他,264.36230094328687
其他,417.5202000331621
其他,1754.5468730600928
其他,1142.1426652345147
其他,1012.311205201347
其他,517.9820962607655
其他,675.9516290557625
其他,1171.8963567014587
其他,218.78382272034935
其他,1074.431406342363
其他,1790.69554210648
其他,1463.0102553170207
其他,1036.68267386853
其他,483.947716690456
其他,1344.5995287739001
其他,577.619190937673
其他,727.4202096421367
其他,231.87290598596292
其他,50.0
其他,210.0712624986926
其他,1664.411090821974
其他,951.9261530363684
其他,1685.4313316344715
其他,1542.7808026429186
其他,1146.08800528867
其他,1726.6140871744542
其他,723.8843226842807
其他,231.25292584142824
其他,957.6140883058362
其他,1082.9750441494632
其他,623.802611048229
其他,1054.347465655067
其他,413.62506534804925
其他,542.4081636145968
其他,1246.8576673308075
其他,875.2267382772691
其他,50.0
其他,857.7691829307448
其他,1460.1976223538918
其他,293.9630858297736
其他,50.0
其他,518.3728219481156
其他,50.0
其他,802.4249763289952
其他,1117.4176165069932
其他,1996.2618178607067
其他,50.0
其他,700.9930866180945
其他,700.7624292312825
其他,1146.8475561809282
其他,1387.4993027834303
其他,667.6007309981665
其他,532.8875091436144
其他,943.7354831585512
其他,1684.6883162116328
其他,1206.1186907904887
其他,1252.8444500786695
其他,797.8530686669956
其他,1492.6864106965872
其他,195.25226906037244
其他,968.12630111822
其他,1826.2392956609733
其他,645.9075816201289
其他,1088.9933819262585
其他,187.0601670159068
其他,591.6560378732713
其他,772.4320837009174
其他,1004.5833400378198
其他,1410.7184693614306
其他,1231.5273804350177
其他,767.2741209527077
其他,417.95198834746725
其他,476.66515486965284
其他,121.08788371665412
其他,673.3087075921073
其他,449.06790874635317
其他,453.84877944468695
其他,50.0
其他,531.7338781228008
其他,162.50242053807028
其他,132.22072445877143
其他,913.9706323215189
其他,1526.198889718951
其他,732.6924710326717
其他,1723.3631890691418
其他,1590.493925840723
其他,956.7016060898612
其他,1418.3492120343988
其他,1488.3892025384675
其他,1107.0305916323637
其他,50.0
其他,332.47476072546897
其他,845.0499502423115
其他,512.0744960464757
其他,1891.5839283338732
其他,78.7423889062486
其他,50.0
其他,1108.5327227622977
其他,120.63658667759432
其他,50.0
其他,50.0
其他,758.0830926387722
其他,50.0
其他,618.2500620276682
其他,810.7058430944023
其他,50.0
其他,864.9118581446182
其他,2032.5326965263296
其他,1196.64369204694
其他,1206.111622575247
其他,429.5813606746756
其他,653.0746227080671
其他,1555.9432621884246
其他,816.0289610007286
其他,135.19709217219622
其他,520.1138641769766
其他,1389.7332773315038
其他,1761.0679353211935
其他,2051.3215653339407
其他,673.7536114596907
其他,1213.6857766054786
其他,1202.7858269839585
其他,310.20969203687537
其他,1094.6385306841387
其他,723.8692995218611
其他,1096.9924757407284
其他,1506.8622610683478
其他,2158.403737802657
其他,50.0
其他,1117.7667743488116
其他,1090.6941359708278
其他,1785.806519176693
其他,122.6192094112779
其他,1489.426964369141
其他,625.578072149241
其他,1380.6893426291772
其他,1600.026764206198
其他,842.9195475662998
其他,50.0
其他,1558.335965824845
其他,1164.1151483333585
其他,987.1644358003164
其他,349.66410393283854
其他,1111.2246238840698
其他,316.69396873433504
其他,463.63534866335254
其他,723.0593645971833
其他,808.8116531903761
其他,2083.4628357159204
其他,1052.8117333726339
其他,1978.0463025603246
其他,423.8752860528994
其他,1883.102717627656
其他,553.4334581088732
其他,2095.1262081002865
其他,1372.4902737317893
其他,468.2191988756544
其他,460.54676118548525
其他,1944.7165831511782
其他,1170.3997449042488
其他,1673.322133290822
其他,823.853245664088
其他,2025.2202186052339
其他,837.2997952608782
其他,449.7324578201449
其他,1354.2879311131412
其他,835.841216285764
其他,674.9517530807825
其他,913.9955822584782
其他,1181.2831700100705
其他,1172.0673655324151
其他,2206.333073049623
其他,50.0
其他,395.55646055804
其他,2491.0100219323
其他,486.83552457979863
其他,50.0
其他,666.2983934636179
其他,753.8310125695299
其他,742.6006460775275
其他,1259.597738584561
其他,284.1845869923975
其他,883.6784743691138
其他,50.0
其他,152.8015157270404
其他,961.8180301804152
其他,802.7831998526692
其他,1522.9221699999462
其他,1734.5953819182532
其他,970.4928489008353
其他,50.0
其他,1192.1324800406956
其他,861.2064816834097
其他,1017.5415007790148
其他,836.0278068158925
其他,646.171841295935
其他,1245.411268175714
其他,571.5375055755678
其他,366.407127435456
其他,115.98898661526732
其他,50.0
其他,1064.7872065097338
其他,207.54478227731363
其他,1401.1472755825835
其他,50.0
其他,1269.4996417233194
其他,762.6433792698753
其他,221.1396386723702
其他,232.65016021594704
其他,1678.0741581094326
其他,450.8336191036446
其他,2171.507109243904
其他,1050.7565906348357
其他,1236.572941055482
其他,50.0
其他,1210.7252625039603
其他,1621.4964195225446
其他,1126.9802841340788
其他,50.0
其他,1508.3293967382017
其他,187.33635337597389
其他,947.1608376014269
其他,504.8553932133636
其他,1096.514487181209
其他,552.7787906087157
其他,658.0750965995087
其他,921.56140934798
其他,128.38369620732385
其他,50.0
其他,781.50280674675
其他,816.5838039379279
其他,223.58632693618745
其他,632.5908642334695
其他,1557.11394116163
其他,1542.7527409958523
其他,1186.0591107262367
其他,1492.5893985326416
其他,757.4836507143939
其他,1075.5669185254515
其他,606.974923773615
其他,534.0187169231397
其他,893.1704987240913
其他,50.0
其他,997.5711512499863
其他,1203.1052404251034
其他,513.2370724364541
其他,845.5247690516619
其他,1210.0520531584452
其他,1034.3596512725528
其他,860.1711882280779
其他,1054.761998063242
其他,50.0
其他,413.47366510444436
其他,378.13276068152396
其他,1165.9966174617364
其他,538.3275832090382
其他,1571.3778902517247
其他,620.9700165580863
其他,712.3621150148327
其他,821.298907898464
其他,50.0
其他,545.0199839036108
其他,1464.141065546872
其他,928.8927908165889
其他,1226.2974541945086
其他,269.0049058060025
其他,500.8905961336986
其他,434.9085402866272
其他,540.9125756957706
其他,963.6756638185965
其他,50.0
其他,698.4956144405662
其他,736.7403836772771
其他,461.0028017388868
其他,50.0
其他,192.22873024973455
其他,738.3901411414196
其他,1232.0476236244253
其他,1920.562375694446
其他,1068.2078388080322
其他,731.5805295152735
其他,508.2144591135392
其他,892.8592203015235
其他,406.3111327545206
其他,1655.905149916143
其他,912.443929641785
其他,224.94784024091234
其他,131.24373636513167
其他,291.32892045806597
其他,896.7688475151325
其他,1455.3291527729373
其他,1574.5913163483465
其他,1042.6768638538915
其他,313.1943181919151
其他,877.8815547202742
其他,1269.0501191015628
其他,770.2228990264798
其他,386.8022101240373
其他,850.2970605152072
其他,663.1346217407886
其他,50.0
其他,50.0
其他,1148.8042011079974
其他,109.973718627464
其他,917.5393605893278
其他,50.0
其他,164.62244407382775
其他,1335.3045086209459
其他,1677.6368665074572
其他,1700.1576441657428
其他,217.8550953993314
其他,276.3468629296517
其他,50.0
其他,1355.9958112528718
其他,428.6202448254608
其他,371.0195679896763
其他,899.4245422400696
其他,383.1674128350143
其他,1089.4676341388522
其他,741.3365980437493
其他,181.08273337548735
其他,1249.0229579196744
其他,539.0032753532283
其他,484.82141454395145
其他,1074.6531126915625
其他,1148.0224758801953
其他,1022.40569348924
其他,856.9923265539119
其他,735.5494459398051
其他,545.4853840695922
其他,453.1640836623039
其他,50.0
其他,1048.1868554331627
其他,50.0
其他,926.453992607594
其他,2138.626961839015
其他,1144.0606608725448
其他,408.8684998180705
其他,755.9420524673933
其他,1641.158270192579
其他,1030.7061722417893
其他,246.28221335338696
其他,663.4524323588417
其他,632.5017726930314
其他,50.0
其他,1660.7231657673715
其他,244.64274390441585
其他,930.9893915048033
其他,794.426526947802
其他,50.0
其他,1128.9859921805312
其他,1192.207963118206
其他,773.7875389389843
其他,813.4632906272986
其他,735.7785981661452
其他,1413.9375390603823
其他,1020.9715103617543
其他,1470.6658403479069
其他,972.5132516687837
其他,1152.5978712290585
其他,591.0594937841072
其他,774.5268505325588
其他,413.5977556435679
其他,112.57664565691186
其他,1491.6974798146775
其他,50.0
其他,892.0761423674551
其他,696.4931177964445
其他,1603.234781768001
其他,521.199276210106
其他,50.0
其他,1587.9715215778515
其他,976.0822138311531
其他,1417.3556793140735
其他,834.072397271267
其他,1758.1970439002725
其他,1693.7281975999808
其他,153.94265448792453
其他,50.0
其他,1395.3017357711553
其他,534.4819151529223
其他,1799.8901863540505
其他,1129.2221619051072
其他,698.2995675223734
其他,918.0387104670715
其他,392.72163601946806
其他,261.61128647415933
其他,1261.118458278645
其他,696.9443099995596
其他,595.8186321570699
其他,61.27720940055508
其他,1150.3189340400136
其他,130.1420637308894
其他,1707.2607855189121
其他,1452.6181659404192
其他,441.6436941088464
其他,1156.2209798167034
其他,1292.6401113161521
其他,1874.0673306888061
其他,899.3230573055954
其他,260.5633278565804
其他,1013.3903165087069
其他,139.6509236359999
其他,526.7850208799136
其他,941.9561473314046
其他,1331.9125129477402
其他,1260.3460637412143
其他,1491.856083790266
其他,1122.3792778092966
其他,50.0
其他,882.8239254716966
其他,50.0
其他,472.2448842709729
其他,1197.1838781035344
其他,1634.2237499585954
其他,730.411863452721
其他,757.8455035433045
其他,50.0
其他,1759.6314964817695
其他,1556.5671712558792
其他,1444.5806100268305
其他,50.0
其他,1247.6220616495207
其他,1400.765909781302
其他,432.80105537135785
其他,990.264085097184
其他,564.502166284502
其他,1014.047842726757
其他,743.2593269580925
其他,1850.6374146927446
其他,50.0
其他,104.13113348070658
其他,1428.22780193096
其他,595.8119041368237
其他,805.9483760548428
其他,1183.396821118788
其他,1424.900009399538
其他,712.5157297158429
其他,958.8002338726383
其他,50.0
其他,139.23353378394472
其他,1223.8694825611294
其他,340.4444814002872
其他,154.06122635581596
其他,1278.882023026213
其他,339.32678051860023
其他,830.3320126848499
其他,260.1296629586701
其他,900.9086601595786
其他,1011.4012011718172
其他,146.79900239809274
其他,784.0834930639927
其他,999.953210964095
其他,665.332313701919
其他,1245.2091013051208
其他,1516.133450856314
其他,864.7320798442336
其他,1432.5265759666922
其他,50.0
其他,402.8682188151186
其他,1153.8001986600038
其他,1851.5519196316072
其他,967.4963600939266
其他,515.7627984327792
其他,403.5350493120727
其他,50.0
其他,50.0
其他,587.7439014601301
其他,50.0
其他,501.6193638634501
其他,68.16123535605095
其他,1550.2608456308471
其他,50.0
其他,791.1100949497973
其他,1102.8373368742825
其他,192.09395093178136
其他,732.8544643007327
其他,2140.4085513453747
其他,581.9495809729693
其他,902.0809535098546
其他,1207.8386433285866
其他,1072.2714310159558
其他,1111.921919681659
其他,117.99157169400382
其他,1915.8737064934835
其他,1540.3285021859963
其他,500.4979623222521
其他,50.0
其他,1184.1975254609933
其他,50.0
其他,489.44602599288214
其他,896.8204030232938
其他,1128.76253096992
其他,288.58878834434375
其他,1431.0394200504759
其他,623.0173427894129
其他,50.0
其他,270.11191698785285
其他,543.8856358223115
其他,353.81377485617054
其他,306.5602610152238
其他,689.9364488117584
其他,899.6850545404658
其他,736.0909426975
其他,1587.5766542685747
其他,50.0
其他,462.98907939590043
其他,366.01111267255294
其他,1119.0857167976465
其他,292.44973212755724
其他,1207.3646547625783
其他,1205.4845366283012
其他,1306.6562690821652
其他,810.672338167746
其他,1587.0773907650173
其他,435.38677524618834
其他,507.26363842708463
其他,547.6994995481726
其他,334.6144406473105
其他,728.5737746459769
其他,1917.9579468173263
其他,598.2727260656346
其他,1375.8683257975385
其他,1996.1541542201323
其他,115.12724215785192
其他,2210.563954950212
其他,50.0
其他,354.3954460493936
其他,1082.185776752941
其他,1199.619035713988
其他,516.0495491099714
其他,416.35537494977893
其他,50.0
其他,475.379048948683
其他,1341.7899946248692
其他,876.8405009687302
其他,876.4174962465146
其他,1252.9696907421103
其他,50.0
其他,625.2300521989646
其他,1950.9361918338177
其他,823.79954656474
其他,1190.301453622436
其他,163.0279078893384
其他,515.7391139205545
其他,841.364948609944
其他,369.96890189248893
其他,317.7972503062846
其他,911.020927148971
其他,335.6495139641561
其他,1141.6124819138643
其他,1490.4126481204148
其他,1068.8582093422813
其他,778.8954958069074
其他,1313.730260662087
其他,497.74512805401446
其他,50.0
其他,1229.966806193195
其他,1559.6004422560036
其他,1259.307488684643
其他,50.0
其他,248.56477670884954
其他,859.5890580134995
其他,1647.8382883562065
其他,976.7959166079771
其他,464.36252150055213
其他,291.3632506495499
其他,636.0580977600415
其他,644.675046451609
其他,1420.787351326753
其他,1801.1128628482784
其他,784.7991692986791
其他,1163.496327743152
其他,331.2708513758904
其他,1134.859404599907
其他,1460.3851391640496
其他,1166.608693642555
其他,951.7268989894595
其他,50.0
其他,1540.4795768807344
其他,1139.3910477027275
其他,623.8731917254355
其他,446.29364253902827
其他,1786.3599962680341
其他,801.5761558230851
其他,50.0
其他,50.0
其他,897.292151041101
其他,1064.3109779939768
其他,50.0
其他,654.9144163944194
其他,560.4685055305753
其他,889.7403754218759
其他,1945.154521882555
其他,886.3219366672278
其他,194.85936351953626
其他,1201.524378561996
其他,845.789805359592
其他,1046.8308726735572
其他,637.0586928257776
其他,1290.2771890666625
其他,1585.8818189238393
其他,1240.9300685497476
其他,582.6304607269897
其他,539.9960172400461
其他,870.5868705720814
其他,628.0852702049938
其他,821.6160078501263
其他,445.1163034122977
其他,291.1145387266052
其他,1750.6390632506132
其他,780.6078502617584
其他,578.0984429900063
其他,752.8452532103214
其他,250.91520482413466
其他,557.0375285288922
其他,452.8102375654602
其他,534.5035974226909
其他,744.7566988394855
其他,1086.7991848336965
其他,557.1403395499959
其他,50.0
其他,853.4944153526991
其他,454.8166538067287
其他,864.4530827405257
其他,1434.1305766932537
其他,1659.6162093829641
其他,643.3431228584641
其他,375.1010690026023
其他,503.725884879258
其他,770.3005425745126
其他,563.8548747936261
其他,644.5522485154912
其他,1014.3739940492604
其他,584.4448497197511
其他,835.3268049465967
其他,1285.213587764408
其他,667.1937843561375
其他,50.0
其他,306.802583721231
其他,579.8502876434851
其他,866.6521450274978
其他,1503.2032694857367
其他,50.0
其他,406.9455076476008
其他,50.0
其他,398.12937123362894
其他,762.7655976520845
其他,1583.2453350987964
其他,763.5630313181804
其他,178.8119790952137
其他,767.6439097849029
其他,1695.3520010089037
其他,2228.479841544058
其他,427.6843645726793
其他,1401.2618090727897
其他,50.0
其他,661.7372706785335
其他,50.0
其他,50.0
其他,50.0
其他,1085.6277217463316
其他,808.3048824483711
其他,1591.9282218594012
其他,1679.394479377466
其他,467.5874972915555
其他,163.05634764359343
其他,1165.3278525082414
其他,1643.6892237769446
其他,771.4917468080962
其他,539.9227866820147
其他,1204.932863190188
其他,380.79907406995784
其他,573.7809891963348
其他,478.90389571410043
其他,420.66094280409067
其他,50.0
其他,334.825529176771
其他,672.8474069622093
其他,928.9850218657925
其他,1978.3006711770627
其他,1788.873465263952
其他,1191.9302233668855
其他,50.0
其他,591.8563374957657
其他,166.77716211572408
其他,1534.0627216180603
其他,624.2672441773782
其他,50.0
其他,165.44715391075852
其他,992.5985065874627
其他,728.3874632467448
其他,1948.9611551609385
其他,581.1987195865077
其他,50.0
其他,930.381854953887
其他,1012.8020533941385
其他,1648.2271806191156
其他,421.9190750197044
其他,1551.8290359701505
其他,1136.1411646192023
其他,1431.2002214178087
其他,936.312321585273
其他,50.0
其他,50.0
其他,979.2880711816629
其他,2240.4588751610386
其他,1626.660930583464
其他,1178.1180365897987
其他,1074.5545300421834
其他,1604.5603841079273
其他,50.0
其他,511.15764170921096
其他,214.5992136804532
其他,446.70826935587786
其他,857.6947370399038
其他,640.9743240609048
其他,1208.9450901822693
其他,50.0
其他,50.0
其他,1487.3661311050091
其他,2519.060784648439
其他,1110.9692852346395
其他,1398.7992344280965
其他,382.8622417959431
其他,868.4909565065136
其他,1055.1602319571869
其他,1586.687752415078
其他,564.8678562520006
其他,729.3694428894007
其他,860.5139484133709
其他,2025.5491393976874
其他,50.0
其他,2155.221904032951
其他,929.9545120208076
其他,1356.427578448503
其他,126.90002103311588
其他,1220.249715683789
其他,1851.4161751424667
其他,50.0
其他,1604.0811840463389
其他,829.4437497290704
其他,709.8624218213223
其他,736.0257160786068
其他,372.06245273499053
其他,50.0
其他,50.0
其他,246.56229982613343
其他,778.6649637150383
其他,1884.5132172017609
其他,1178.167449015006
其他,801.4417915745564
其他,653.8433214265496
其他,50.0
其他,420.2573584846709
其他,1323.1646971685607
其他,1122.820025522187
其他,161.08867415623422
其他,50.0
其他,1422.5026319948615
其他,50.0
其他,621.0056377648156
其他,230.91935004677077
其他,1467.479027460174
其他,50.0
其他,1476.5047064882147
其他,50.0
其他,1599.9703684021922
其他,1124.464031283344
其他,830.9180777172267
其他,1548.0700016771752
其他,588.7457395814945
其他,1048.746477642035
其他,562.9492860093679
其他,1098.6922797164225
其他,984.2801865810792
其他,684.5064299587115
其他,1005.1505375776168
其他,1602.0780738222238
其他,481.12839845325334
其他,50.0
其他,964.8237001023203
其他,1183.3072455658705
其他,108.6197589964521
其他,1080.9793364673824
其他,189.74055490867306
其他,281.4056484272867
其他,794.0898699449583
其他,850.2100438341646
其他,856.0850672200985
其他,514.7530388342033
其他,1505.3994156613167
其他,1153.1258664035768
其他,988.0576222685395
其他,329.8055500690941
其他,715.5795701686827
其他,328.63806803131087
其他,169.43398487145862
其他,181.3348156083823
其他,1282.7174794342025
其他,1257.3789355913034
其他,1539.3131665444528
其他,567.3915125630776
其他,93.14897802209623
其他,719.6380370692434
其他,343.96813883084053
其他,50.0
其他,454.51057770627517
其他,676.8889525049852
其他,292.5727603589559
其他,1540.1337018388745
其他,483.30726360940525
其他,840.5498167525884
其他,875.3194713220945
其他,50.0
其他,1702.4646921317353
其他,927.4438068486975
其他,631.3207904589685
其他,863.3686469919171
其他,477.27088870693
其他,539.9751039637542
其他,1178.6218979244616
其他,904.3512286348423
其他,450.25430822021167
其他,1061.2407767777995
其他,50.0
其他,1063.9161965030626
其他,1387.6359709404642
其他,50.0
其他,151.5139282466131
其他,234.82443766788117
其他,881.4058105704013
其他,319.20981367132
其他,331.13332918323147
其他,50.0
其他,761.2352875012878
其他,50.0
其他,950.4702690324364
其他,1533.960004786293
其他,1616.5374455885594
其他,410.80163949436724
其他,781.7688036841241
其他,50.0
其他,272.01657589789784
其他,1296.6720802054451
其他,649.0803119209751
其他,610.0768245211269
其他,1727.6305599806772
其他,1201.0112126958497
其他,1855.976007872416
其他,1464.2665360980714
其他,425.80933125858553
其他,1207.8166313474262
其他,1643.2944412815827
其他,614.897761989284
其他,493.88547507201264
其他,1899.6646247219016
其他,384.9847621684854
其他,1047.133767686019
其他,1319.1750990407627
其他,1195.2943308187928
其他,535.765717061648
其他,439.90624587225693
其他,868.1182744877935
其他,564.9051757633466
其他,1183.8772049877086
其他,737.138854953093
其他,50.0
其他,2037.3753835302925
其他,1254.5418435972965
其他,90.55218147412393
其他,1374.468614677805
其他,1282.963012696331
其他,776.7952196535122
其他,654.0059006534002
其他,1052.0337714789148
其他,156.64465169457048
其他,675.7629775032608
其他,50.0
其他,1144.7468927101045
其他,471.8915952237336
其他,512.5104329252347
其他,2155.2448666741902
其他,123.45960256580133
其他,1110.912091151401
其他,325.42423512934823
其他,1009.2423242240569
其他,239.1308598681095
其他,307.31115410533255
其他,473.07050755568565
其他,1399.9754800272135
其他,2131.898694829522
其他,541.519267651868
其他,1579.1425257070173
其他,1375.2728015341145
其他,1506.5453396945786
其他,811.6175214436907
其他,534.6258423059842
其他,1126.2855597545145
其他,682.2668872535164
其他,50.0
其他,352.71073244849447
其他,757.8327102959109
其他,1273.0155942108586
其他,1835.1454861704692
其他,87.71975978635896
其他,695.5485330671779
其他,50.0
其他,1325.7198221108636
其他,109.77135896196808
其他,787.1721409594135
其他,304.9414776003224
其他,1047.9959338931656
其他,1008.5952832661173
其他,604.1935269722512
其他,962.0284146765165
其他,844.8646352465536
其他,726.8189182657759
其他,1879.041594816263
其他,309.43979383948385
其他,1164.6799010037953
其他,112.13434853649346
其他,473.9456957374301
其他,1218.6421893582774
其他,50.0
其他,936.4235828906101
其他,243.13937328524162
其他,744.7419952797603
其他,420.29651471614005
其他,712.441895898246
其他,50.0
其他,50.0
其他,50.0
其他,2063.0929589275165
其他,1670.9276307869598
其他,881.572703430404
其他,1115.2365517832136
其他,1352.3439243730436
其他,927.2639348578217
其他,595.6986056225802
其他,1021.1408648413992
其他,1410.019334209766
其他,319.50192801971014
其他,1324.0804240169584
其他,50.0
其他,409.2249167915744
其他,1590.3301357088092
其他,1633.370666845492
其他,1158.7704734451333
其他,1090.907639768582
其他,1016.9927616758891
其他,237.33902787019315
其他,1074.3633270269215
其他,772.6587083010618
景点,5294.59636875192
景点,3716.45401143508
景点,3297.541721778043
景点,2639.270716067842
景点,3569.6888985603773
景点,4634.163530623732
景点,2581.1269434776414
景点,2455.2419577007413
景点,3751.1574969271082
景点,4550.646006370693
景点,601.0203642709421
景点,1813.8231758344305
景点,2298.6254023503816
景点,1840.8774541780272
景点,4491.116786724369
景点,838.1451003315124
景点,3300.4137825535295
景点,3482.882674454055
景点,3435.2777061063116
景点,4190.870158033536
景点,4246.832667009497
景点,3975.377520453528
景点,50.0
景点,5595.21330493871
景点,865.6846796820414
景点,3286.2114375277615
景点,771.5756144848069
景点,5125.656839875387
景点,1975.5095951292835
景点,2947.9087197308027
景点,2723.228670030662
景点,3830.048807591273
景点,4120.159518928093
景点,1377.0988591573325
景点,4004.1639249026257
景点,2183.7165892124945
景点,3327.535123854422
景点,2191.7943770986985
景点,3010.3434507892325
景点,50.0
景点,3164.14090785256
景点,3798.8547621721727
景点,565.9790980267303
景点,3357.847651692305
景点,2256.223988598934
景点,1134.6065369313642
景点,6872.707047514225
景点,4513.473637586722
景点,2231.1529891161117
景点,5316.04505748846
景点,1817.0894035923207
景点,4371.622204905799
景点,4711.979831325589
景点,3654.7194420069395
景点,4349.6745135724705
景点,4246.958956116901
景点,6144.832600260417
景点,2887.9692741414838
景点,2347.815279910444
景点,3569.3652764530025
景点,2087.140658775424
景点,2675.4262048031887
景点,1908.1733662128577
景点,4166.592781031305
景点,4605.462840184964
景点,2863.421401568352
景点,6592.561625055855
景点,3254.62629288278
景点,2296.073673930392
景点,3505.752644105632
景点,4499.343121425272
景点,2994.765650909088
景点,2500.498135366198
景点,4383.351526323655
景点,3512.637623705971
景点,6033.534110808341
景点,2492.404265088752
景点,2370.17805850204
景点,4199.142855092507
景点,3871.331605783528
景点,1846.630146107849
景点,1238.6220529057787
景点,5023.624536515579
景点,2158.5907569379065
景点,3197.8313180987966
景点,6091.778423457628
景点,925.9457518675154
景点,2270.2332811102474
景点,1128.8102736806104
景点,4811.479411887295
景点,2495.2445743822313
景点,3855.772681776416
景点,3368.1450193725555
景点,1963.7354432469372
景点,2940.4150789361415
景点,897.8859689800702
景点,4736.208314925505
景点,1129.697396552776
景点,50.0
景点,4082.1532505100113
景点,3946.439378730676
景点,5505.722077819581
景点,3495.085675248116
景点,2879.6212146835087
景点,3511.5802970537516
景点,6419.567689637692
景点,1418.3650475147908
景点,50.0
景点,3695.863729729609
景点,1213.9431222439323
景点,3565.9388372562626
景点,3585.2937616532804
景点,4386.492272402741
景点,1453.1218752323198
景点,50.0
景点,1188.020535183921
景点,5028.348489575104
景点,3192.0529238079075
景点,4544.58323589778
景点,2233.4028853715754
景点,2407.5349912464244
景点,2725.072465840185
景点,50.0
景点,2824.9318775348656
景点,3154.6753267770696
景点,3509.0526019291337
景点,4539.456131956319
景点,1948.150316606547
景点,2159.2573634545297
景点,2798.840711569268
景点,3647.142700351047
景点,2506.885714088832
景点,2448.9387294111784
景点,1974.8802865404152
景点,2076.3605518777053
景点,124.52038195875093
景点,4680.844507528631
景点,4641.491170841492
景点,4548.017243516001
景点,50.0
景点,3074.914344271002
景点,3293.577040097048
景点,3447.6544297045652
景点,2549.0357306918136
景点,1761.3306479613439
景点,2532.4649330739376
景点,3678.7713094915534
景点,3592.4309604468285
景点,693.7559326186993
景点,5250.926229687317
景点,2626.4013325178735
景点,2321.245652661753
景点,1858.9630129165598
景点,4761.241371761269
景点,2298.0755490353176
景点,3345.2036629291506
景点,1278.9195564675797
景点,4700.029131988731
景点,4310.047692226569
景点,3683.2740349444457
景点,2248.9180875197517
景点,3355.423900841295
景点,4376.62475134862
景点,50.0
景点,6002.071078856272
景点,7113.595529952873
景点,1882.3986451696971
景点,721.8578209259895
景点,3108.1922844353985
景点,2949.811025048754
景点,3799.8932428067446
景点,3378.8268097891
景点,1939.8522361126306
景点,2501.8697828243803
景点,3359.8436957339345
景点,2681.3312193646298
景点,3543.594067154437
景点,3326.217410787206
景点,4132.027384541922
景点,4507.352406263304
景点,6229.592668293042
景点,4778.622832296273
景点,50.0
景点,4643.529146616736
景点,1996.7363475521809
景点,1932.8759568202654
景点,1950.123771036097
景点,1375.2471759411617
景点,4541.531249313393
景点,4718.936636862329
景点,1204.6305546114193
景点,2737.905662257811
景点,2684.6187633610716
景点,3058.580866885448
景点,1076.3952482053885
景点,1234.6701032202673
景点,3170.2730728236343
景点,2254.0317722319473
景点,1231.9628936089418
景点,2449.8621833970146
景点,1155.2791992355658
景点,3524.1402660016447
景点,4061.747831789826
景点,1146.5623273264825
景点,2121.7176645847067
景点,2152.559509402482
景点,3758.152964784716
景点,6259.192589661596
景点,2020.6893651601904
景点,4741.8099224003545
景点,2962.802193175533
景点,1222.8302491839918
景点,2844.862620693439
景点,50.0
景点,4277.193005838017
景点,4872.408241617963
景点,1900.2787139627787
景点,3841.871231702348
景点,3488.150120507984
景点,5689.906381011715
景点,50.0
景点,4373.653527043398
景点,4405.387467012641
景点,4321.531478220369
景点,3664.630631451757
景点,2900.9764039490865
景点,259.9652062459754
景点,5862.634130530122
景点,4102.7190319062065
景点,1934.0979079861486
景点,3933.4135687548223
景点,4443.6073497190155
景点,3544.199393096743
景点,1979.2439520780965
景点,4291.109768397446
景点,2002.666820682904
景点,1938.2110131045451
景点,4430.708233202184
景点,2220.0365372754213
景点,2033.2670081333974
景点,4378.089387402945
景点,2183.172202491064
景点,2854.8164989713564
景点,2447.0456166434788
景点,3383.0473838664393
景点,4362.638820038622
景点,2017.783213150608
景点,3084.986543628553
景点,3829.22651288527
景点,4325.70656147715
景点,2085.0943635675494
景点,2507.156289607232
景点,2082.0031194025023
景点,6424.803097973954
景点,2809.075919316667
景点,5782.536618684293
景点,5029.053053376031
景点,3935.2150591134505
景点,3249.8073108358867
景点,3315.6605256064668
景点,3640.056466402787
景点,3164.755951985082
景点,5622.506571537006
景点,3768.5204889793613
景点,2669.053865443654
景点,2849.226880210136
景点,3786.6936241697313
景点,4332.56423296883
景点,2714.7986664535265
景点,4134.552503234556
景点,2989.8846584361445
景点,1207.4304202108533
景点,2148.1670214519177
景点,5277.3697183599725
景点,3794.400817034722
景点,2437.7147678958518
景点,587.8583050833117
景点,1485.1204590865752
景点,1233.1002090878424
景点,3266.9941550586072
景点,50.0
景点,1745.5977957310893
景点,3030.349234471975
景点,440.0859548187873
景点,207.74585162515086
景点,321.34572557008823
景点,2295.4008054628625
景点,3915.421038019164
景点,3286.6882240783366
景点,3448.6807226906158
景点,1162.873740053629
景点,1048.4602009091927
景点,872.7480145498766
景点,1243.7260611285908
景点,4096.0175311338035
景点,5221.0637523313835
景点,50.0
景点,4644.3478661224635
景点,1383.5587355459215
景点,6230.641013048108
景点,2194.3612193613917
景点,5455.150173047474
景点,3353.608817055392
景点,1265.0412847060866
景点,2413.2022962692445
景点,4138.232919099391
景点,403.1448247139133
景点,4311.169123849187
景点,5229.331675047748
景点,2694.708370134676
景点,3492.73863360422
景点,4483.702186821225
景点,3712.157671400647
景点,3344.709318467591
景点,4139.833217869313
景点,2625.107790824157
景点,3235.0917656694687
景点,2172.966610345275
景点,5758.32737156558
景点,4238.135018937256
景点,50.0
景点,2226.821623622635
景点,3965.5564969626325
景点,2648.7695498167604
景点,2909.9618711602498
景点,2938.2703282984994
景点,3214.036574332053
景点,2088.546247522756
景点,1087.4284006024377
景点,805.1021170099239
景点,4277.978743838553
景点,629.0209330883026
景点,1217.758201190498
景点,2666.0371779624816
景点,3143.4502834600985
景点,3696.0817647011895
景点,3110.2108108359325
景点,1828.2429512169701
景点,1735.7503044041616
景点,3012.406560502226
景点,2477.4762309772163
景点,3928.9243687867006
景点,2784.409675996353
景点,3620.2896885430537
景点,934.6341314517322
景点,50.0
景点,3098.846711475661
景点,3126.4538486542547
景点,1982.798770889705
景点,3983.410252587182
景点,1107.9701951176191
景点,3591.4149632662093
景点,2528.528933627898
景点,1761.7731286509925
景点,1069.805585610319
景点,1268.6889030925743
景点,3097.776041422577
景点,4493.266171810729
景点,3400.987443085407
景点,2873.1007170300086
景点,5615.3419189102115
景点,384.2955530832751
景点,2449.019876437776
景点,2445.1377146859104
景点,2006.8391125807618
景点,1216.1910848806247
景点,2509.6851172987763
景点,836.4235641783675
景点,205.76933878573027
景点,5003.412410089336
景点,6191.771272620187
景点,1766.0862671394245
景点,4474.7069035713985
景点,4451.940574090195
景点,3292.68889844367
景点,1656.9194220398513
景点,2033.8463424574074
景点,3304.139863426639
景点,2620.1940465505254
景点,3826.653651625588
景点,1788.0864212156368
景点,50.0
景点,192.2868206967746
景点,4857.295204854758
景点,163.72363327454195
景点,3279.7064073378397
景点,917.0163802403677
景点,3254.046023051841
景点,3967.3887882386175
景点,2001.7221713788736
景点,1877.4107697283061
景点,558.5698494738431
景点,5184.822619593363
景点,2218.306985774613
景点,452.2959803830754
景点,3716.6580760366915
景点,3728.0582742652573
景点,1077.2145798948864
景点,798.0695486645723
景点,4202.557156974546
景点,4356.614696456569
景点,2555.0169803686067
景点,1616.9401349367286
景点,3383.9080803489533
景点,2772.1945583290235
景点,4233.599924344917
景点,666.1862892995127
景点,3621.2219916122276
景点,4665.961354960161
景点,1738.618439789472
景点,2716.054873849151
景点,3995.227784710026
景点,3578.9077559683487
景点,5430.664267144535
景点,4407.313573954919
景点,1687.1197513408936
景点,5590.890559644073
景点,3495.289430442939
景点,3781.317677008129
景点,3053.9229450395615
景点,1626.0715354888102
景点,3298.995953953413
景点,3157.1716821484993
景点,4020.391758462635
景点,3565.692760490787
景点,666.9331224201519
景点,3402.9954443577744
景点,2765.806574287146
景点,407.33630535233806
景点,3348.831714105017
景点,5781.246232659327
景点,2283.8464354474067
景点,3510.9370262320735
景点,4164.9285419913795
景点,4081.145334401615
景点,3744.3701886685417
景点,1251.299356577229
景点,2400.6750755297135
景点,3428.620863367003
景点,570.1013486717861
景点,4596.911601474428
景点,1653.3842956412518
景点,5159.980156265292
景点,2667.4679152575995
景点,544.5254443201675
景点,1900.649152062023
景点,50.0
景点,4155.547900053316
景点,2015.92719878575
景点,1632.596966503515
景点,4554.2813796902365
景点,4496.268509537678
景点,671.0511366712685
景点,4414.987398040205
景点,3230.900334157564
景点,3773.2247519065454
景点,2265.081189967893
景点,2718.67303532161
景点,1162.1635707023956
景点,1951.2932679636504
景点,3019.327666612527
景点,2408.889489254997
景点,4341.0293419956915
景点,1698.6943166657488
景点,1017.1328275831033
景点,3565.633043051968
景点,3953.8887751499005
景点,5907.652812444894
景点,4167.490455814277
景点,2459.2908399114744
景点,2820.3174266121373
景点,3002.056767333412
景点,1885.4874990053925
景点,2948.86251529162
景点,3652.6317118581746
景点,3565.316317662048
景点,3124.529061648971
景点,2729.7140188023027
景点,2801.1358778710464
景点,1769.5061283653547
景点,2518.314953742101
景点,3381.040820245289
景点,5741.0276263501055
景点,4052.102915127451
景点,3506.738720006672
景点,4702.488299411927
景点,3251.0611773380233
景点,5349.82163873201
景点,1889.7357881426067
景点,3711.576680562101
景点,4492.780159295879
景点,3107.131393007401
景点,1722.1530126557905
景点,1709.2142414196953
景点,4091.820385299924
景点,2751.4727106462396
景点,3885.996119642845
景点,275.95040303528094
景点,5516.167466261215
景点,4084.5917525245877
景点,800.3184384731367
景点,6546.430427771231
景点,3013.7631222192867
景点,1157.2349383541837
景点,50.0
景点,885.0649128409168
景点,1153.729428344702
景点,3325.452459377297
景点,3510.095372451326
景点,2248.5950357929673
景点,3390.3094984493787
景点,1760.900443748323
景点,2732.024951560397
景点,4275.484486298792
景点,4115.6775523208835
景点,3059.503466289429
景点,2564.3531529899346
景点,2522.04305059855
景点,3187.1707840638405
景点,4432.541547233509
景点,50.0
景点,2776.9456866796504
景点,1741.5540793206478
景点,4292.869072715435
景点,6542.099465668269
景点,2075.798891791367
景点,1800.5020549161206
景点,3528.1203196232823
景点,3816.8619738576435
景点,1404.1804134005106
景点,1305.763931940222
景点,1858.1366441273315
景点,5191.059049721067
景点,3316.8731950221636
景点,1645.120626927499
景点,3519.0922860854257
景点,4526.22374455391
景点,2281.833559574511
景点,4094.9959869066815
景点,314.1658508000237
景点,3272.1737934725807
景点,1205.9707159128436
景点,4978.873222229509
景点,1701.695013061896
景点,3577.707667222825
景点,1899.713453984971
景点,4733.072561551197
景点,2128.456516139242
景点,50.0
景点,5322.481239159719
景点,2633.880704919815
景点,4921.884707569464
景点,50.0
景点,3752.5999040168936
景点,4092.5253702549026
景点,3064.263399199935
景点,50.0
景点,5472.1952731774545
景点,50.0
景点,2968.3385241053675
景点,6280.212486352915
景点,4684.355608351743
景点,2535.176058919532
景点,4260.924216777267
景点,1555.2856057805345
景点,2635.4996276886322
景点,4399.983251940583
景点,3420.971518563447
景点,2599.769500147431
景点,2470.8015488521664
景点,4182.867131007171
景点,5842.786271114233
景点,50.0
景点,5698.044520834548
景点,3374.5979939921917
景点,2806.5670634140147
景点,4742.5252875953065
景点,3453.296731203767
景点,505.7683997125596
景点,824.4161804919872
景点,826.48961464492
景点,2650.741424222965
景点,2551.65238908204
景点,2834.8973916223795
景点,2412.19651076596
景点,3711.1248566413037
景点,4118.201459466249
景点,3485.1849618465253
景点,2427.8653259149855
景点,2148.904434294221
景点,4027.7037011917805
景点,1157.4506304729164
景点,4946.386629937785
景点,2413.283347758514
景点,2799.9256409557884
景点,3623.2790923681164
景点,2806.8857413354053
景点,1509.1193818540792
景点,4209.81194529708
景点,1590.2847732405223
景点,2865.988367924811
景点,4000.6354611424185
景点,6076.532691902009
景点,4185.581030273159
景点,2972.1332227641506
景点,2183.5281672394667
景点,3955.0282151911133
景点,1757.8840194761053
景点,4224.891510680899
景点,1881.8634389164133
酒店,2167.3067464233172
酒店,2860.1426247666536
酒店,3781.5619486728992
酒店,774.0945470544348
酒店,2354.709992933062
酒店,1744.6558299562187
酒店,2490.7483585770838
酒店,2411.3773366231558
酒店,2323.360740680116
酒店,72.22875560852663
酒店,2758.198149319412
酒店,1793.9814042872204
酒店,2076.794906228078
酒店,3658.6063621248927
酒店,2528.7942476673134
酒店,893.0226513583486
酒店,3545.16222772657
酒店,5592.830301423695
酒店,1377.5155718167384
酒店,3520.3581341785994
酒店,3604.885529944061
酒店,2056.26070911221
酒店,1931.3618988860562
酒店,3275.535111433488
酒店,1841.7025659819685
酒店,2252.0016017031426
酒店,545.4538071365473
酒店,1762.8484020892051
酒店,3120.4857038140417
酒店,1086.0255406560705
酒店,5243.56184761426
酒店,2480.0718372957895
酒店,4141.992668446774
酒店,3964.3097498073566
酒店,3234.7330344753323
酒店,1013.7637927599787
酒店,1953.6342109054215
酒店,1139.152645318025
酒店,498.79017046604554
酒店,3360.5263817057985
酒店,50.0
酒店,2814.9296449281605
酒店,4033.9661560587865
酒店,2273.2075326537147
酒店,1332.2973962636213
酒店,2697.0504150824813
酒店,3641.034739141617
酒店,1756.8475795846873
酒店,3582.2383290158878
酒店,4941.1042206603015
酒店,3185.3374428536786
酒店,2020.4535362284155
酒店,1663.4801882478441
酒店,1278.4666823652942
酒店,1972.4469317300827
酒店,5820.779865174112
酒店,3137.8593468984873
酒店,2631.706596843668
酒店,1682.9544545938788
酒店,4009.845492482955
酒店,3090.619272265821
酒店,2480.527841132173
酒店,4208.911490850659
酒店,4113.331592646617
酒店,458.47164709246044
酒店,1124.379951225256
酒店,1854.9457884114986
酒店,2975.3305450533976
酒店,1028.4064253713984
酒店,50.0
酒店,2636.6608708482854
酒店,1780.4665894261477
酒店,1556.8737689774048
酒店,2468.9173406429823
酒店,2569.132097178991
酒店,4088.339989390419
酒店,1230.7580220467287
酒店,3208.1809350248936
酒店,765.5571522846151
酒店,3788.6363509537073
酒店,3279.9219123502285
酒店,4047.351697137078
酒店,528.5791119745456
酒店,5220.187077466166
酒店,1332.1183796778957
酒店,2933.532495497011
酒店,2075.4829380282263
酒店,2859.9842980146423
酒店,2780.1863581254665
酒店,1803.5847315688393
酒店,3013.951082287669
酒店,4201.639548047921
酒店,2154.2427992520925
酒店,2643.266075316547
酒店,660.0088187825668
酒店,1671.376345974154
酒店,1906.3143302938493
酒店,2237.3634322852795
酒店,2979.7686662741953
酒店,3407.2107676292812
酒店,1973.2850328348136
酒店,2376.0900786336088
酒店,3656.936851107759
酒店,1890.497374921733
酒店,1950.604500183399
酒店,2441.1150859115755
酒店,1968.9115075765603
酒店,2795.3641666904605
酒店,2046.8916117483493
酒店,3738.2566633166625
酒店,4190.679413831558
酒店,3423.1878144215952
酒店,1840.3131141062174
酒店,3025.5823903070914
酒店,2940.96060329468
酒店,3646.5346218885784
酒店,2186.0662765617126
酒店,50.0
酒店,2639.788033522378
酒店,2184.8744922880464
酒店,942.4152318692068
酒店,2177.29783317196
酒店,2103.803068852221
酒店,3131.9161921732384
酒店,416.024716689094
酒店,2986.0476347037966
酒店,3529.5637069223003
酒店,1842.0541892012784
酒店,3851.8043128527706
酒店,3151.4018984550744
酒店,455.94937848813015
酒店,4579.172859844909
酒店,236.2304589190544
酒店,50.0
酒店,1852.7243230275394
酒店,2285.8640007335193
酒店,3840.492303105707
酒店,1668.1800916178258
酒店,902.1532106560144
酒店,1127.3451554075102
酒店,1310.5700360171252
酒店,4700.001510442415
酒店,1863.1493372366597
酒店,1315.5901134346495
酒店,972.5756531065911
酒店,2605.7641186787246
酒店,4046.156674228523
酒店,2391.9096272454385
酒店,2488.0633433744
酒店,2855.716192504162
酒店,2314.2495691408667
酒店,911.8006599649086
酒店,1552.9864254414583
酒店,3933.3568076786523
酒店,1197.2176949108923
酒店,1775.7753124560413
酒店,2561.747306771999
酒店,1689.0337142433941
酒店,1848.6932034878487
酒店,4163.834994735929
酒店,2990.6608392636326
酒店,2847.303314185775
酒店,3677.9689114234975
酒店,4992.483495864666
酒店,50.0
酒店,2431.1691715418688
酒店,3136.094810776052
酒店,2343.684290054531
酒店,2738.392300204283
酒店,3053.878272353942
酒店,1079.3153282860528
酒店,350.22854761584176
酒店,5249.197374824662
酒店,1805.4550171474366
酒店,3061.863911881351
酒店,2117.8645530908752
酒店,1900.4793839325016
酒店,2086.9059853744698
酒店,2373.192396084994
酒店,392.3469450229136
酒店,3302.3299315398763
酒店,3140.337966332156
酒店,1622.0199463811828
酒店,1049.6807438792346
酒店,2402.399428433797
酒店,3008.491339225428
酒店,1811.307802978541
酒店,3669.532902082092
酒店,2713.3829443539817
酒店,3435.9176940533666
酒店,3670.455831036005
酒店,2740.4112257303814
酒店,5250.840926299635
酒店,3302.0395098851513
酒店,1281.9152329447068
酒店,968.0208046711011
酒店,2662.1913483384005
酒店,3882.6343324938216
酒店,3277.3252223690065
酒店,4485.82454941938
酒店,3234.359977201495
酒店,2701.5279595860766
酒店,1089.883771419232
酒店,2756.9100217341115
酒店,2647.5967164259882
酒店,2679.673093206375
酒店,2713.248349209184
酒店,3795.2629756126516
酒店,5292.398215056282
酒店,1373.7958836207124
酒店,1356.9727984996064
酒店,2053.525204956439
酒店,2421.3357650766116
酒店,2363.318319213808
酒店,884.8413574494211
酒店,1299.4793821319101
酒店,1196.136252865526
酒店,4351.34118560549
酒店,1982.222119773707
酒店,4053.3653557910616
酒店,3128.7606778288773
酒店,3299.365765695996
酒店,1768.8495028862424
酒店,877.5589850479914
酒店,1609.1859102348167
酒店,1835.7296848942724
酒店,2057.2730421108813
酒店,3921.957967590656
酒店,2474.2180769011684
酒店,5592.2371180297
酒店,2184.9152844992323
酒店,1617.8442133977246
酒店,2055.9105081689763
酒店,4192.498467361074
酒店,2485.506169157842
酒店,1997.6682506781463
酒店,2497.718188609278
酒店,319.31429520472375
酒店,521.3070067511487
酒店,2042.7371790776683
酒店,3514.938469451054
酒店,1352.4881301913135
酒店,2630.8997631284747
酒店,3096.2736659534994
酒店,1428.6739129148957
酒店,2710.441253288514
酒店,2528.245548967838
酒店,3185.9730242276173
酒店,2918.324844862205
酒店,1338.6816824684824
酒店,2186.2684657528835
酒店,2645.6379179640485
酒店,1614.8359106854045
酒店,1994.9209152193957
酒店,2054.3546598462317
酒店,4685.695970222085
酒店,2321.981682743573
酒店,2753.2855719704266
酒店,2610.297661798941
酒店,1828.2027981386166
酒店,1905.017996989359
酒店,3574.883998616968
酒店,3143.4471660050776
酒店,617.4197115744955
酒店,2350.250896434037
酒店,2254.448741010812
酒店,50.0
酒店,3157.9174892995184
酒店,4120.948655692156
酒店,3717.549122033017
酒店,1135.0151362590825
酒店,3889.1059349020097
酒店,3160.878429547975
酒店,2023.208339994766
酒店,1784.418138312733
酒店,4420.11556119574
酒店,3298.274538491179
酒店,3985.557986265324
酒店,2998.7546987223604
酒店,5985.2948238073695
酒店,2971.1591567423484
酒店,922.2826220708255
酒店,3484.607463192354
酒店,1675.6071531268774
酒店,6783.236928382013
酒店,2246.8026478499464
酒店,718.1235801970238
酒店,3994.7935458736265
酒店,2669.716433417134
酒店,3845.048613189478
酒店,50.0
酒店,3051.202015531887
酒店,2011.2276327489303
酒店,4464.5493462356535
酒店,4475.121900542811
酒店,4114.742844315031
酒店,4169.374606490479
酒店,3434.5904445746937
酒店,2984.2254851627167
酒店,4230.417202515089
酒店,3861.50623038663
酒店,2762.1934631031068
酒店,3677.4770136747884
酒店,4425.185742921545
酒店,3141.0633576106798
酒店,3151.560658596044
酒店,4709.0979527001555
酒店,3197.7235380515767
酒店,2720.1557873199695
酒店,5864.652234942168
酒店,2677.4514858708662
酒店,1580.0136644269287
酒店,1046.269126588791
酒店,1968.2359169111774
酒店,4857.19312640078
酒店,1625.4087745848117
酒店,4222.78835834892
酒店,3774.9125081758843
酒店,1410.9072577907011
酒店,2224.756644451496
酒店,3281.7394144794252
酒店,966.5608234846181
酒店,2225.624219809601
酒店,4105.481310442111
酒店,629.3641496869459
酒店,1831.8311989598837
酒店,1863.256100143207
酒店,561.1875710777895
酒店,2083.174985240347
酒店,1451.406770340547
酒店,3242.5162823835976
酒店,3524.7514781042037
酒店,1798.3647301373685
酒店,2972.3703061606166
酒店,3296.576677416038
酒店,3068.449723827525
酒店,50.0
酒店,2245.8188186598854
酒店,2963.211345669352
酒店,1150.3156300648334
酒店,2238.047435213453
酒店,3393.5430894243277
酒店,1438.8870848321887
酒店,2632.303495717232
酒店,2975.0344311244457
酒店,1111.2088855284094
酒店,1751.6262298795139
酒店,1705.5226180500622
酒店,1855.9382913930122
酒店,234.84359392108945
酒店,1807.1733385819707
酒店,1160.1038800365702
酒店,2519.8606651320165
酒店,1506.6365860449198
酒店,700.7661234132277
酒店,2933.8915955164593
酒店,2375.124543833352
酒店,1501.8762803991685
酒店,2929.7705921581714
酒店,1374.3083184611485
酒店,4075.7999767800247
酒店,3043.7871735195536
酒店,1177.0921732157246
酒店,971.6360796496958
酒店,2505.265868241931
酒店,5090.34318103511
酒店,2286.8164591380078
酒店,1332.8248105186574
酒店,688.8831825083246
酒店,2108.4905673916624
酒店,1821.2871488615285
酒店,2990.2516869040337
酒店,2015.7432955841916
酒店,3069.5613609400316
酒店,498.55461588813114
酒店,3134.927314746077
酒店,3114.525427634876
酒店,4437.845341815484
酒店,5129.785463427614
酒店,3825.214372862223
酒店,2519.317575576617
酒店,2491.695823943586
酒店,371.3001606983985
酒店,1753.3732395231402
酒店,1149.4718493769658
酒店,2431.771579011661
酒店,701.9198476364786
酒店,4195.440853160619
酒店,1940.1698167057891
酒店,2887.619491257017
酒店,4140.206107482685
酒店,1365.314992154131
酒店,2544.736938651807
酒店,3875.8660491074925
酒店,2013.747520759257
酒店,2234.488070047866
酒店,3137.9128997448565
酒店,1762.092085190779
酒店,2656.4789357322793
酒店,510.7070926037104
酒店,2211.7952228577365
酒店,4064.13787713232
酒店,261.835552132638
酒店,3462.9223769702385
酒店,50.0
酒店,1308.1276566477727
酒店,1370.7931195423969
酒店,2228.4821684506865
酒店,3217.885827879871
酒店,2453.660442202598
酒店,50.0
酒店,2136.136789902804
酒店,1078.122720170715
酒店,2203.169278409741
酒店,2325.5683222249377
酒店,1385.0695944245324
酒店,4052.1696895631853
酒店,2936.552415699506
酒店,647.3648482352453
酒店,3000.747357790472
酒店,3840.5959148563206
酒店,5114.918364371613
酒店,2766.831906276792
酒店,4868.71481013448
酒店,3008.8099407684217
酒店,3256.3237260394444
酒店,2466.288191337612
酒店,1431.911196194825
酒店,1719.343866279881
酒店,2105.5456736673395
酒店,3792.8500793403937
酒店,2609.648630321811
酒店,4185.106638111695
酒店,2948.4658055947584
酒店,2236.6980239668837
酒店,4249.474180772135
酒店,1372.3096644932023
酒店,2891.096255091963
酒店,1849.0701051314154
酒店,4384.720846462925
酒店,957.0409407311952
酒店,2472.032676584761
酒店,50.0
酒店,1602.6425363325347
酒店,2144.854844693405
酒店,701.1240055989902
酒店,4080.032853800667
酒店,3620.6774272290554
酒店,281.6115176477174
酒店,1320.277251120586
酒店,2391.3209516642314
酒店,1574.7736456860976
酒店,4649.32637044685
酒店,4383.642010774139
酒店,225.1466891834284
酒店,1190.6798006043316
酒店,3711.6011359214262
酒店,954.4354116999693
酒店,1966.8787400202227
酒店,2065.5748959322846
酒店,2358.23062013427
酒店,3379.1941992083334
酒店,2966.547332482528
酒店,4117.77497668115
酒店,4562.620418187822
酒店,3182.421375146778
酒店,3399.630871994402
酒店,3587.5959091676777
酒店,947.6871722198007
酒店,2220.961526840837
酒店,3191.0627357879775
酒店,3988.3977295461054
酒店,3436.664131401016
酒店,2079.3349477874385
酒店,2058.56425698052
酒店,2073.045428722134
酒店,4169.150375748993
酒店,3252.8855402558534
酒店,2780.2292322201915
酒店,2877.3213854497662
酒店,4099.670098066996
酒店,1676.3408458070423
酒店,2205.886367405668
酒店,1060.2076007873427
酒店,4921.945276475315
酒店,2605.7300381811788
酒店,2144.9160143141553
酒店,2792.8726441445892
酒店,2150.187014296942
酒店,2555.0482344644684
酒店,3419.145188554415
酒店,4204.451226604356
酒店,1418.7265163775683
酒店,2564.681933667783
酒店,2297.984236994969
酒店,2820.8513223948976
酒店,878.5355946872019
酒店,914.0254297117638
酒店,1844.228956386269
酒店,50.0
酒店,3768.4106188257856
酒店,3829.2420643335777
酒店,1351.701158790873
酒店,1069.5763197496972
酒店,3313.2420232063964
酒店,2723.3072799108086
酒店,1036.6453727401613
酒店,1547.9100163034484
酒店,3234.5439704821106
酒店,2145.835451890028
酒店,1920.2467109280656
酒店,3651.426567383635
酒店,2391.4802907680873
酒店,3578.391107914609
酒店,2915.725778857989
酒店,1442.1388239130001
酒店,3879.7723907404707
酒店,1378.7192213609924
酒店,4028.7876993102655
酒店,5833.304533472073
酒店,2931.7352666211564
酒店,1916.6363516338802
酒店,2858.565308817633
酒店,1134.8177116957534
酒店,2591.429966360341
酒店,4394.211177690283
酒店,3414.1784601413947
酒店,4103.887737851309
酒店,2138.371239289143
酒店,3122.9628727386043
酒店,1605.6043538302774
酒店,2393.7325287632802
酒店,3771.913060832293
酒店,3134.48990481927
酒店,1482.7229867676858
酒店,1198.386130699548
酒店,1714.5109864693418
酒店,1916.5421911960248
酒店,3521.3274017608574
酒店,4125.269943109222
酒店,3298.32715870621
酒店,1367.4283117409484
酒店,1850.839312763113
酒店,3305.494952493
酒店,3144.8194168997456
酒店,2114.607191351783
酒店,3420.7835107586416
酒店,2497.25060263738
酒店,1850.0823598773868
酒店,3231.788796188159
酒店,3290.589726473281
酒店,3164.960981511941
酒店,3314.1179128223275
酒店,3040.06729829051
酒店,3818.4922006028423
酒店,2860.7313376121774
酒店,3786.326209406224
酒店,2067.259122382905
酒店,268.66835912974784
酒店,2955.9417216822685
酒店,2031.1229217487307
酒店,1184.0329439854002
酒店,2468.8995224278833
酒店,3748.834958334547
娱乐,3056.9885419792436
娱乐,1393.6014441188113
娱乐,347.8975855574374
娱乐,692.3307393512152
娱乐,1342.4342616790518
娱乐,1196.3070026563823
娱乐,2197.164891521962
娱乐,1015.8571359123591
娱乐,1278.2743485667093
娱乐,1019.6493137490647
娱乐,3622.3150840593376
娱乐,446.3990515379751
娱乐,1271.7892726850505
娱乐,1392.9867619413706
娱乐,291.1216643885407
娱乐,1360.7763439312992
娱乐,2046.0320065976673
娱乐,837.3409367266786
娱乐,1759.4847078256857
娱乐,1560.6867422563187
娱乐,1869.4989496848873
娱乐,1507.4828468908968
娱乐,1092.1228382509692
娱乐,2673.4159727354627
娱乐,2218.1541801868925
娱乐,1586.8689759080892
娱乐,1423.117435907539
娱乐,1962.8772532639814
娱乐,1041.647884146328
娱乐,1909.0760342733724
娱乐,1720.0486909286044
娱乐,1881.8796304194848
娱乐,1520.6766694799144
娱乐,1509.82009331362
娱乐,1021.2369587016597
娱乐,329.3383223505921
娱乐,1526.5376586388677
娱乐,689.3816462178634
娱乐,870.5865147699656
娱乐,2723.9328349325306
娱乐,1094.8515654664957
娱乐,1255.4061497643168
娱乐,2198.750925785662
娱乐,53.812228069456296
娱乐,1944.1441209437487
娱乐,1435.5492157000049
娱乐,1756.6810124873398
娱乐,1300.6821378942639
娱乐,2310.356410281328
娱乐,2179.294499187668
娱乐,2216.317972399131
娱乐,967.590013823822
娱乐,1726.5827041821617
娱乐,1625.0544534854657
娱乐,1354.4909306099876
娱乐,982.5403010895966
娱乐,1933.7035437931665
娱乐,1850.7062241563299
娱乐,3435.3607124530736
娱乐,1983.7183633487864
娱乐,1262.6558806674525
娱乐,1600.638234868074
娱乐,926.1317233375815
娱乐,1389.3157451049224
娱乐,1782.406949638521
娱乐,2360.827031336705
娱乐,323.0091545766727
娱乐,50.0
娱乐,955.5266068560145
娱乐,2627.759678809969
娱乐,1846.5171346420877
娱乐,1191.9517361139933
娱乐,2129.005604244746
娱乐,1322.1927627503117
娱乐,1547.4135758388693
娱乐,216.91028997054582
娱乐,2070.908998202089
娱乐,1852.2218203027019
娱乐,1746.2680505918759
娱乐,1933.7773213514085
娱乐,2019.3433102767276
娱乐,1397.6114400142658
娱乐,943.7232869357172
娱乐,1834.7615155778701
娱乐,1167.6311085708571
娱乐,2484.9586704246794
娱乐,2129.522703720702
娱乐,152.56389670769659
娱乐,1427.0806255703235
娱乐,2251.4139039988663
娱乐,1941.5848004920103
娱乐,1082.837111199311
娱乐,1312.7243552131952
娱乐,1378.4090010066986
娱乐,582.5158099747274
娱乐,50.0
娱乐,759.4104619251428
娱乐,2063.4475407680357
娱乐,2100.392858461118
娱乐,3662.472481586917
娱乐,776.7328932047798
娱乐,1403.5493652862176
娱乐,1177.6362308916882
娱乐,1381.419809676745
娱乐,1438.1545392508633
娱乐,2304.063537362985
娱乐,2119.8168295920523
娱乐,1919.8338287925253
娱乐,1174.587535987293
娱乐,2690.1832802904673
娱乐,1939.0596825579648
娱乐,639.2605910286544
娱乐,1402.3717459232664
娱乐,842.4781215777249
娱乐,1236.2206584498056
娱乐,2480.5624526384636
娱乐,1703.549666061892
娱乐,1403.8081800009056
娱乐,2581.6783625377548
娱乐,2055.245950307096
娱乐,2075.766357451864
娱乐,1598.1130796535917
娱乐,1776.4196968216581
娱乐,1990.6675158184185
娱乐,1783.4054340500118
娱乐,2877.096586069313
娱乐,1825.5051360405023
娱乐,915.6258973604822
娱乐,280.8882454771174
娱乐,2318.0169468264
娱乐,651.9000690881677
娱乐,1974.9593102474491
娱乐,779.541013910091
娱乐,2806.741636428288
娱乐,283.2471805640919
娱乐,2436.89570961105
娱乐,1542.2217230796196
娱乐,1058.129681766452
娱乐,714.6797463149152
娱乐,2660.024839360849
娱乐,1093.8278813378838
娱乐,1732.2042215227575
娱乐,1078.8294420644947
娱乐,1020.7910996345315
娱乐,1726.7335278823225
娱乐,793.5765949608126
娱乐,861.2013735371593
娱乐,1074.509407586117
娱乐,1350.0053191630582
娱乐,2554.7988217922966
娱乐,1536.91926115974
娱乐,2641.766011983779
娱乐,2768.7310898971036
娱乐,638.2163747331365
娱乐,1153.0382681737165
娱乐,792.3952767501036
娱乐,2753.249530005167
娱乐,2195.71853730137
娱乐,598.2164160318948
娱乐,1238.2440480885239
娱乐,2712.095154290911
娱乐,1727.1753923948395
娱乐,1084.0182435044742
娱乐,1615.5703837417186
娱乐,264.83919943751107
娱乐,3151.1713125266247
娱乐,1440.7250565674544
娱乐,1453.9206350744182
娱乐,2874.7924763945784
娱乐,2239.5166898816346
娱乐,1879.2547517470302
娱乐,681.3305502997312
娱乐,1496.6368208112042
娱乐,1207.8741854419745
娱乐,640.8344882654824
娱乐,897.5581162871121
娱乐,2345.134498176533
娱乐,2468.7002691911794
娱乐,2366.1475213899166
娱乐,1592.046469971383
娱乐,590.0330587072333
娱乐,382.4489475227465
娱乐,364.62951080579774
娱乐,525.9838052652485
娱乐,972.2651272126608
娱乐,1891.249788609584
娱乐,680.9669781743711
娱乐,264.61238705130586
娱乐,1493.89679141002
娱乐,1143.5929475124506
娱乐,2544.030340493174
娱乐,1115.294017275317
娱乐,2397.3648127508327
娱乐,1444.1099403250626
娱乐,1642.3611373755223
娱乐,2271.3267992469787
娱乐,1440.565700607459
娱乐,2686.899920793029
娱乐,1065.1518678426014
娱乐,2751.2357794863356
娱乐,442.8628693522837
娱乐,1311.2246244144765
娱乐,731.6512721300282
娱乐,1181.2504374984944
购物,2070.5354036860294
购物,3072.2618402291537
购物,1608.9992821633682
购物,2171.7124319116983
购物,2220.3591330904105
购物,2761.6535039201854
购物,1061.093573248928
购物,1048.5926016911244
购物,2970.8391388566565
购物,567.6733072352504
购物,840.4776205593735
购物,1872.9740225511787
购物,4014.2568461439905
购物,322.0053022295572
购物,2015.5583966830457
购物,1883.4350046800416
购物,1546.901079717776
购物,3707.870748564064
购物,2215.612421572975
购物,1069.9653954036753
购物,800.8281352136837
购物,1284.8124876066395
购物,2333.850288737186
购物,1068.5508151360057
餐厅,222.60993804076423
餐厅,397.6753641929814
餐厅,336.4548411253047
交通,877.4736688256414
